structure_name,left_cell_count,right_cell_count,total_cells,left_volume_mm3,right_volume_mm3,total_volume_mm3,left_cells_per_mm3,right_cells_per_mm3
"Primary somatosensory area, lower limb, layer 5",1287,1364,2651,0.2100625,0.19940625,0.40946875,6126.747992,6840.307162
"Primary motor area, Layer 5",1317,1176,2493,1.389078125,1.4651875,2.854265625,948.1108199,802.62765
Magnocellular reticular nucleus,747,689,1436,0.373375,0.36365625,0.73703125,2000.669568,1894.646387
Gigantocellular reticular nucleus,508,484,992,1.9228125,1.922234375,3.845046875,264.196327,251.7903156
Red nucleus,327,632,959,0.35021875,0.373359375,0.723578125,933.7021504,1692.739067
Pontine reticular nucleus,364,552,916,1.1870625,1.178015625,2.365078125,306.6392882,468.5846166
Pons,450,419,869,1.62184375,1.66328125,3.285125,277.4619935,251.9116956
"Primary motor area, Layer 6a",536,271,807,1.223421875,1.26615625,2.489578125,438.1154293,214.0336155
"Pontine reticular nucleus, caudal part",364,331,695,1.442,1.37225,2.81425,252.4271845,241.2096921
crossed tectospinal pathway,261,303,564,0.342578125,0.33584375,0.678421875,761.8700114,902.2052666
Midbrain reticular nucleus,299,245,544,2.536828125,2.595890625,5.13271875,117.8637201,94.37993945
Hypoglossal nucleus,257,224,481,0.16465625,0.172140625,0.336796875,1560.827481,1301.261686
Pontine central gray,210,230,440,0.39140625,0.38240625,0.7738125,536.5269461,601.4546049
"Primary somatosensory area, trunk, layer 5",186,214,400,0.127015625,0.124796875,0.2518125,1464.386763,1714.786528
Medulla,161,212,373,2.445953125,2.542,4.987953125,65.82301122,83.39889851
"Medullary reticular nucleus, ventral part",113,146,259,0.4918125,0.517953125,1.009765625,229.7623586,281.8787897
"Primary somatosensory area, upper limb, layer 5",102,95,197,0.330453125,0.317453125,0.64790625,308.6670765,299.25678
Nucleus raphe magnus,74,109,183,0.05103125,0.105921875,0.156953125,1450.091855,1029.060333
Sublaterodorsal nucleus,85,89,174,0.033171875,0.03028125,0.063453125,2562.411682,2939.112487
Lateral hypothalamic area,56,99,155,0.7908125,0.7881875,1.579,70.81324587,125.6046309
Pedunculopontine nucleus,60,88,148,0.478296875,0.45278125,0.931078125,125.4451014,194.3543378
Nucleus raphe obscurus,4,111,115,0.007390625,0.0458125,0.053203125,541.2262156,2422.919509
"Secondary motor area, layer 6a",74,32,106,1.00803125,0.995828125,2.003859375,73.41042254,32.13405928
Paraventricular hypothalamic nucleus,18,85,103,0.07765625,0.077921875,0.155578125,231.7907445,1090.836174
Laterodorsal tegmental nucleus,29,67,96,0.138203125,0.1270625,0.265265625,209.8360656,527.2995573
Midbrain,46,42,88,2.86875,2.97671875,5.84546875,16.03485839,14.10949556
Hypothalamus,23,58,81,1.015046875,1.076453125,2.0915,22.65905208,53.88065551
Intermediate reticular nucleus,29,43,72,1.568078125,1.529078125,3.09715625,18.4939765,28.1215193
Periaqueductal gray,28,36,64,2.31034375,2.345375,4.65571875,12.11940864,15.34935778
"Secondary motor area, layer 5",42,19,61,1.922953125,1.880765625,3.80371875,21.84140604,10.10226886
"Primary somatosensory area, lower limb, layer 6a",39,15,54,0.210421875,0.198046875,0.40846875,185.341947,75.73964497
Dorsal motor nucleus of the vagus nerve,15,38,53,0.098234375,0.099609375,0.19784375,152.6960394,381.4901961
"Retrosplenial area, lateral agranular part, layer 5",23,29,52,0.24259375,0.2594375,0.50203125,94.80870797,111.7802939
"Paraventricular hypothalamic nucleus, descending division",10,39,49,0.051109375,0.052625,0.103734375,195.6588199,741.0926366
Zona incerta,15,23,38,0.649421875,0.651375,1.300796875,23.0974665,35.30992132
Edinger-Westphal nucleus,12,23,35,0.008,0.01578125,0.02378125,1500,1457.425743
Barrington's nucleus,20,13,33,0.010296875,0.009,0.019296875,1942.336874,1444.444444
Medial vestibular nucleus,20,12,32,1.023703125,0.9700625,1.993765625,19.53691408,12.37033696
Subceruleus nucleus,14,18,32,0.01653125,0.01515625,0.0316875,846.8809074,1187.628866
Supratrigeminal nucleus,19,7,26,0.117953125,0.1101875,0.228140625,161.0809379,63.52807714
Medial accesory oculomotor nucleus,17,2,19,0.007515625,0.007359375,0.014875,2261.954262,271.7622081
Peritrigeminal zone,16,0,16,0.161671875,0.146796875,0.30846875,98.96588383,0
"Lateral reticular nucleus, magnocellular part",12,4,16,0.252078125,0.2624375,0.514515625,47.60428934,15.24172422
superior cerebelar peduncles,4,12,16,0.2375,0.21946875,0.45696875,16.84210526,54.67748825
Parabrachial nucleus,13,0,13,0.450296875,0.414984375,0.86528125,28.86984281,0
Thalamus,4,8,12,0.39371875,0.40690625,0.800625,10.15953647,19.66054834
Inferior olivary complex,7,4,11,0.313109375,0.316828125,0.6299375,22.35640501,12.62514179
medial longitudinal fascicle,9,0,9,0.111671875,0.113,0.224671875,80.59325591,0
nigrostriatal tract,5,2,7,0.044125,0.043,0.087125,113.3144476,46.51162791
Interstitial nucleus of Cajal,7,0,7,0.035453125,0.037546875,0.073,197.4438078,0
Nucleus of Darkschewitsch,6,0,6,0.040796875,0.043328125,0.084125,147.0700881,0
rubrospinal tract,4,2,6,0.23028125,0.227671875,0.457953125,17.37006378,8.784572095
fasciculus retroflexus,3,3,6,0.06725,0.068875,0.136125,44.60966543,43.55716878
"Retrosplenial area, dorsal part, layer 6a",5,0,5,0.2660625,0.278078125,0.544140625,18.79257693,0
"Retrosplenial area, lateral agranular part, layer 6a",5,0,5,0.139140625,0.147453125,0.28659375,35.93486805,0
Perifornical nucleus,0,5,5,0.085828125,0.085234375,0.1710625,0,58.66177819
"Medullary reticular nucleus, dorsal part",2,3,5,0.524625,0.572890625,1.097515625,3.812246843,5.236601664
Nucleus of reuniens,1,4,5,0.17378125,0.186765625,0.360546875,5.754360726,21.41721743
mammillothalamic tract,2,2,4,0.048515625,0.049765625,0.09828125,41.22383253,40.18838305
columns of the fornix,0,3,3,0.108796875,0.113859375,0.22265625,0,26.34829148
"Primary somatosensory area, trunk, layer 6a",1,2,3,0.087859375,0.0860625,0.173921875,11.38182465,23.2389252
"Primary motor area, Layer 2/3",0,3,3,1.645828125,1.735796875,3.381625,0,1.728312825
Posterior hypothalamic nucleus,0,3,3,0.2336875,0.24571875,0.47940625,0,12.2090805
Subparafascicular area,3,0,3,0.046078125,0.05584375,0.101921875,65.10681587,0
Superior central nucleus raphe,3,0,3,0.323984375,0.34815625,0.672140625,9.259705811,0
"Subparafascicular nucleus, magnocellular part",0,2,2,0.025640625,0.0251875,0.050828125,0,79.4044665
Perireunensis nucleus,0,2,2,0.061359375,0.062921875,0.12428125,0,31.78544822
Rostral linear nucleus raphe,0,2,2,0.015953125,0.032359375,0.0483125,0,61.80589087
genu of the facial nerve,0,2,2,0.0221875,0.02025,0.0424375,0,98.7654321
Nucleus raphe pontis,0,2,2,0.0715625,0.083046875,0.154609375,0,24.08278457
Parafascicular nucleus,2,0,2,0.20328125,0.207859375,0.411140625,9.838585703,0
"Anterior cingulate area, dorsal part, layer 5",2,0,2,0.532890625,0.53428125,1.067171875,3.753115379,0
Subparaventricular zone,2,0,2,0.04325,0.042359375,0.085609375,46.24277457,0
Ventral medial nucleus of the thalamus,2,0,2,0.38184375,0.379625,0.76146875,5.237744496,0
"Paragigantocellular reticular nucleus, lateral part",1,0,1,0.363890625,0.3450625,0.708953125,2.748078492,0
Locus ceruleus,1,0,1,0.008234375,0.007890625,0.016125,121.4421252,0
"Periventricular hypothalamic nucleus, preoptic part",0,1,1,0.04746875,0.06225,0.10971875,0,16.06425703
lateral lemniscus,0,1,1,0.33590625,0.32425,0.66015625,0,3.084040093
"Primary somatosensory area, lower limb, layer 4",0,1,1,0.100265625,0.096484375,0.19675,0,10.36437247
"Tuberomammillary nucleus, ventral part",0,0,0,0.036953125,0.035828125,0.07278125,0,0
"Primary somatosensory area, mouth, layer 6b",0,0,0,0.0509375,0.04915625,0.10009375,0,0
internal capsule,0,0,0,0.99084375,0.90290625,1.89375,0,0
Principal sensory nucleus of the trigeminal,0,0,0,0.3695625,0.335375,0.7049375,0,0
"Superior colliculus, motor related, intermediate gray layer",0,0,0,0.881203125,0.939484375,1.8206875,0,0
Interfascicular nucleus raphe,0,0,0,0.03153125,0.037828125,0.069359375,0,0
Parataenial nucleus,0,0,0,0.102359375,0.109234375,0.21159375,0,0
"Superior colliculus, motor related, intermediate white layer",0,0,0,0.959203125,1.00659375,1.965796875,0,0
Induseum griseum,0,0,0,0.048390625,0.06465625,0.113046875,0,0
"Entorhinal area, lateral part, layer 2",0,0,0,0.55071875,0.512859375,1.063578125,0,0
Anterior amygdalar area,0,0,0,0.18146875,0.2164375,0.39790625,0,0
"Superior colliculus, motor related, deep gray layer",0,0,0,0.58546875,0.599421875,1.184890625,0,0
Intergeniculate leaflet of the lateral geniculate complex,0,0,0,0.034734375,0.03253125,0.067265625,0,0
"Entorhinal area, lateral part, layer 6a",0,0,0,0.337046875,0.312265625,0.6493125,0,0
"Periventricular hypothalamic nucleus, anterior part",0,0,0,0.019375,0.02003125,0.03940625,0,0
"Primary visual area, layer 6a",0,0,0,0.3681875,0.381890625,0.750078125,0,0
Oculomotor nucleus,0,0,0,0.018828125,0.018671875,0.0375,0,0
"Gustatory areas, layer 1",0,0,0,0.083921875,0.081484375,0.16540625,0,0
"posteromedial visual area, layer 2/3",0,0,0,0.090640625,0.1019375,0.192578125,0,0
"Superior colliculus, motor related, deep white layer",0,0,0,0.16759375,0.17321875,0.3408125,0,0
Precommissural nucleus,0,0,0,0.07184375,0.0735,0.14534375,0,0
"Entorhinal area, lateral part, layer 3",0,0,0,0.457421875,0.412796875,0.87021875,0,0
medial forebrain bundle,0,0,0,0.016890625,0.016875,0.033765625,0,0
Nucleus accumbens,0,0,0,1.50971875,1.849625,3.35934375,0,0
Medial terminal nucleus of the accessory optic tract,0,0,0,0.015828125,0.015703125,0.03153125,0,0
Intermediodorsal nucleus of the thalamus,0,0,0,0.0629375,0.085890625,0.148828125,0,0
Anterodorsal nucleus,0,0,0,0.077640625,0.076984375,0.154625,0,0
Lateral terminal nucleus of the accessory optic tract,0,0,0,0.007484375,0.00778125,0.015265625,0,0
"Frontal pole, layer 1",0,0,0,0.08746875,0.074296875,0.161765625,0,0
Anterodorsal preoptic nucleus,0,0,0,0.036984375,0.041375,0.078359375,0,0
"Lateral visual area, layer 6a",0,0,0,0.073953125,0.071828125,0.14578125,0,0
Dorsal terminal nucleus of the accessory optic tract,0,0,0,0.004859375,0.004734375,0.00959375,0,0
middle cerebellar peduncle,0,0,0,0.372125,0.3675625,0.7396875,0,0
lateral ventricle,0,0,0,0.951375,0.917671875,1.869046875,0,0
"Prelimbic area, layer 6a",0,0,0,0.1893125,0.1783125,0.367625,0,0
Anterior hypothalamic nucleus,0,0,0,0.27634375,0.282234375,0.558578125,0,0
Interposed nucleus,0,0,0,0.28384375,0.28028125,0.564125,0,0
motor root of the trigeminal nerve,0,0,0,0.02203125,0.02221875,0.04425,0,0
Dorsal cochlear nucleus,0,0,0,0.1676875,0.152875,0.3205625,0,0
"Temporal association areas, layer 1",0,0,0,0.222671875,0.190671875,0.41334375,0,0
subependymal zone,0,0,0,0.05953125,0.05896875,0.1185,0,0
Interpeduncular nucleus,0,0,0,0.004203125,0.0060625,0.010265625,0,0
Ventral cochlear nucleus,0,0,0,0.25640625,0.232453125,0.488859375,0,0
"Superior olivary complex, medial part",0,0,0,0.091359375,0.089078125,0.1804375,0,0
Inferior salivatory nucleus,0,0,0,0.002984375,0.002625,0.005609375,0,0
choroid plexus,0,0,0,0.62696875,0.64803125,1.275,0,0
"Primary somatosensory area, lower limb, layer 2/3",0,0,0,0.234328125,0.2264375,0.460765625,0,0
"Superior olivary complex, lateral part",0,0,0,0.14121875,0.13428125,0.2755,0,0
Trochlear nucleus,0,0,0,0.004671875,0.00421875,0.008890625,0,0
optic chiasm,0,0,0,0.11134375,0.121046875,0.232390625,0,0
"Periventricular hypothalamic nucleus, intermediate part",0,0,0,0.073015625,0.06815625,0.141171875,0,0
"Agranular insular area, posterior part, layer 1",0,0,0,0.196421875,0.136859375,0.33328125,0,0
"Lateral visual area, layer 6b",0,0,0,0.013453125,0.01378125,0.027234375,0,0
"Superior olivary complex, periolivary region",0,0,0,0.157203125,0.152703125,0.30990625,0,0
Koelliker-Fuse subnucleus,0,0,0,0.06075,0.055625,0.116375,0,0
optic tract,0,0,0,0.28546875,0.282390625,0.567859375,0,0
"Periventricular hypothalamic nucleus, posterior part",0,0,0,0.0406875,0.042375,0.0830625,0,0
third ventricle,0,0,0,0.3039375,0.483953125,0.787890625,0,0
Lateral amygdalar nucleus,0,0,0,0.36890625,0.32296875,0.691875,0,0
"Prelimbic area, layer 6b",0,0,0,0.0088125,0.008078125,0.016890625,0,0
"Entorhinal area, lateral part, layer 5",0,0,0,0.491203125,0.446078125,0.93728125,0,0
cerebral aqueduct,0,0,0,0.20340625,0.243609375,0.447015625,0,0
"Nucleus ambiguus, ventral division",0,0,0,0.010421875,0.010390625,0.0208125,0,0
fourth ventricle,0,0,0,0.2993125,0.328328125,0.627640625,0,0
"Gustatory areas, layer 4",0,0,0,0.06059375,0.059671875,0.120265625,0,0
Paraventricular nucleus of the thalamus,0,0,0,0.18175,0.218875,0.400625,0,0
lateral recess,0,0,0,0.1371875,0.133234375,0.270421875,0,0
Lateral dorsal nucleus of thalamus,0,0,0,0.551203125,0.477046875,1.02825,0,0
"Dorsal auditory area, layer 6a",0,0,0,0.07665625,0.06690625,0.1435625,0,0
posterior commissure,0,0,0,0.022171875,0.026203125,0.048375,0,0
Anterior olfactory nucleus,0,0,0,1.83678125,1.601859375,3.438640625,0,0
"Agranular insular area, posterior part, layer 2/3",0,0,0,0.37375,0.267875,0.641625,0,0
Nucleus prepositus,0,0,0,0.178734375,0.1798125,0.358546875,0,0
"Prelimbic area, layer 1",0,0,0,0.17696875,0.21365625,0.390625,0,0
Retrochiasmatic area,0,0,0,0.058296875,0.057890625,0.1161875,0,0
Nucleus of Roller,0,0,0,0.01903125,0.019296875,0.038328125,0,0
Ventral part of the lateral geniculate complex,0,0,0,0.205296875,0.1875625,0.392859375,0,0
"Gustatory areas, layer 2/3",0,0,0,0.166765625,0.166765625,0.33353125,0,0
Lateral habenula,0,0,0,0.15540625,0.155421875,0.310828125,0,0
"Gustatory areas, layer 5",0,0,0,0.22415625,0.21803125,0.4421875,0,0
"Accessory olfactory bulb, glomerular layer",0,0,0,0.054546875,0.043203125,0.09775,0,0
Rhomboid nucleus,0,0,0,0.035015625,0.0415,0.076515625,0,0
pyramid,0,0,0,0.332265625,0.329828125,0.66209375,0,0
"Accessory olfactory bulb, granular layer",0,0,0,0.079515625,0.057640625,0.13715625,0,0
pyramidal decussation,0,0,0,0.02915625,0.038,0.06715625,0,0
"Primary somatosensory area, barrel field, layer 2/3",0,0,0,0.621796875,0.61378125,1.235578125,0,0
Linear nucleus of the medulla,0,0,0,0.03121875,0.029734375,0.060953125,0,0
"Accessory olfactory bulb, mitral layer",0,0,0,0.09875,0.072921875,0.171671875,0,0
Area postrema,0,0,0,0.0241875,0.031859375,0.056046875,0,0
Lateral vestibular nucleus,0,0,0,0.105890625,0.09825,0.204140625,0,0
Lateral mammillary nucleus,0,0,0,0.026484375,0.0251875,0.051671875,0,0
"Anterior cingulate area, dorsal part, layer 2/3",0,0,0,0.27740625,0.274515625,0.551921875,0,0
Anterior pretectal nucleus,0,0,0,0.570484375,0.611859375,1.18234375,0,0
Superior vestibular nucleus,0,0,0,0.13790625,0.131765625,0.269671875,0,0
Lateral posterior nucleus of the thalamus,0,0,0,0.60396875,0.582984375,1.186953125,0,0
Arcuate hypothalamic nucleus,0,0,0,0.10109375,0.103546875,0.204640625,0,0
Spinal vestibular nucleus,0,0,0,0.318984375,0.313046875,0.63203125,0,0
Lateral preoptic area,0,0,0,0.1939375,0.234515625,0.428453125,0,0
sensory root of the trigeminal nerve,0,0,0,0.231953125,0.228921875,0.460875,0,0
Nucleus raphe pallidus,0,0,0,0.023546875,0.0625625,0.086109375,0,0
Anterior tegmental nucleus,0,0,0,0.026515625,0.026828125,0.05334375,0,0
"Anterolateral visual area, layer 5",0,0,0,0.080203125,0.080796875,0.161,0,0
"Temporal association areas, layer 4",0,0,0,0.127078125,0.105640625,0.23271875,0,0
solitary tract,0,0,0,0.004796875,0.005015625,0.0098125,0,0
"Dorsal auditory area, layer 6b",0,0,0,0.012375,0.01134375,0.02371875,0,0
"Midbrain reticular nucleus, retrorubral area",0,0,0,0.064375,0.06615625,0.13053125,0,0
"Posterior auditory area, layer 6a",0,0,0,0.031140625,0.02928125,0.060421875,0,0
"Lateral septal nucleus, caudal (caudodorsal) part",0,0,0,0.2555,0.265140625,0.520640625,0,0
"Primary auditory area, layer 2/3",0,0,0,0.207,0.178671875,0.385671875,0,0
"Dorsal auditory area, layer 5",0,0,0,0.141359375,0.124,0.265359375,0,0
Anteroventral nucleus of thalamus,0,0,0,0.199609375,0.197859375,0.39746875,0,0
"posteromedial visual area, layer 6a",0,0,0,0.050015625,0.054328125,0.10434375,0,0
"Lateral septal nucleus, rostral (rostroventral) part",0,0,0,0.8050625,0.85878125,1.66384375,0,0
"Nucleus of the lateral olfactory tract, molecular layer",0,0,0,0.043796875,0.044796875,0.08859375,0,0
Reticular nucleus of the thalamus,0,0,0,0.73246875,0.65421875,1.3866875,0,0
Anteroventral preoptic nucleus,0,0,0,0.030796875,0.035890625,0.0666875,0,0
"Lateral septal nucleus, ventral part",0,0,0,0.24509375,0.277390625,0.522484375,0,0
"Nucleus of the lateral olfactory tract, pyramidal layer",0,0,0,0.05821875,0.06409375,0.1223125,0,0
"Posterolateral visual area, layer 2/3",0,0,0,0.0673125,0.067296875,0.134609375,0,0
Nucleus sagulum,0,0,0,0.0418125,0.040578125,0.082390625,0,0
Anteroventral periventricular nucleus,0,0,0,0.062859375,0.069265625,0.132125,0,0
"Retrosplenial area, lateral agranular part, layer 6b",0,0,0,0.012578125,0.013734375,0.0263125,0,0
"Anteromedial visual area, layer 1",0,0,0,0.042546875,0.045703125,0.08825,0,0
Suprachiasmatic nucleus,0,0,0,0.02571875,0.025734375,0.051453125,0,0
Bed nucleus of the anterior commissure,0,0,0,0.002984375,0.00334375,0.006328125,0,0
"Orbital area, ventrolateral part, layer 2/3",0,0,0,0.19390625,0.167234375,0.361140625,0,0
"Temporal association areas, layer 5",0,0,0,0.3825625,0.31134375,0.69390625,0,0
Bed nucleus of the accessory olfactory tract,0,0,0,0.0100625,0.01053125,0.02059375,0,0
"Anterior cingulate area, ventral part, layer 2/3",0,0,0,0.234625,0.2248125,0.4594375,0,0
Magnocellular nucleus,0,0,0,0.1265625,0.159265625,0.285828125,0,0
stria terminalis,0,0,0,0.151671875,0.13565625,0.287328125,0,0
"Basolateral amygdalar nucleus, anterior part",0,0,0,0.31221875,0.3151875,0.62740625,0,0
"Prelimbic area, layer 2/3",0,0,0,0.162765625,0.154328125,0.31709375,0,0
"Primary visual area, layer 6b",0,0,0,0.056625,0.0620625,0.1186875,0,0
Septofimbrial nucleus,0,0,0,0.206328125,0.2346875,0.441015625,0,0
"Basolateral amygdalar nucleus, posterior part",0,0,0,0.29475,0.31575,0.6105,0,0
"Agranular insular area, posterior part, layer 6a",0,0,0,0.202625,0.153921875,0.356546875,0,0
Supragenual nucleus,0,0,0,0.01521875,0.01440625,0.029625,0,0
"Primary motor area, Layer 1",0,0,0,0.608875,0.64178125,1.25065625,0,0
Subgeniculate nucleus,0,0,0,0.013,0.012703125,0.025703125,0,0
Suprageniculate nucleus,0,0,0,0.08090625,0.0828125,0.16371875,0,0
"Basomedial amygdalar nucleus, anterior part",0,0,0,0.292546875,0.319828125,0.612375,0,0
"Agranular insular area, dorsal part, layer 2/3",0,0,0,0.32946875,0.371078125,0.700546875,0,0
"Retrosplenial area, dorsal part, layer 6b",0,0,0,0.011265625,0.01215625,0.023421875,0,0
Accessory supraoptic group,0,0,0,0.002421875,0.00259375,0.005015625,0,0
Septohippocampal nucleus,0,0,0,0.01584375,0.016453125,0.032296875,0,0
"Basomedial amygdalar nucleus, posterior part",0,0,0,0.2865625,0.324078125,0.610640625,0,0
"Perirhinal area, layer 6a",0,0,0,0.01959375,0.016828125,0.036421875,0,0
superior colliculus commissure,0,0,0,0.011484375,0.014046875,0.02553125,0,0
Subfornical organ,0,0,0,0.008921875,0.011296875,0.02021875,0,0
Substantia innominata,0,0,0,1.045359375,1.315828125,2.3611875,0,0
"Agranular insular area, posterior part, layer 5",0,0,0,0.3488125,0.256796875,0.605609375,0,0
supraoptic commissures,0,0,0,0.01003125,0.009984375,0.020015625,0,0
Bed nuclei of the stria terminalis,0,0,0,0.51546875,0.621921875,1.137390625,0,0
"Agranular insular area, posterior part, layer 6b",0,0,0,0.009703125,0.006671875,0.016375,0,0
Preparasubthalamic nucleus,0,0,0,0.0046875,0.004671875,0.009359375,0,0
Mediodorsal nucleus of thalamus,0,0,0,0.621359375,0.621046875,1.24240625,0,0
"Prelimbic area, layer 5",0,0,0,0.386609375,0.369671875,0.75628125,0,0
Parasubthalamic nucleus,0,0,0,0.058015625,0.05765625,0.115671875,0,0
Submedial nucleus of the thalamus,0,0,0,0.126765625,0.128109375,0.254875,0,0
"Perirhinal area, layer 6b",0,0,0,0.004546875,0.004046875,0.00859375,0,0
Infracerebellar nucleus,0,0,0,0.020734375,0.0204375,0.041171875,0,0
"Substantia nigra, compact part",0,0,0,0.074578125,0.077734375,0.1523125,0,0
"Posterolateral visual area, layer 6a",0,0,0,0.03440625,0.033109375,0.067515625,0,0
cuneate fascicle,0,0,0,0.009828125,0.010703125,0.02053125,0,0
"Substantia nigra, reticular part",0,0,0,0.591171875,0.61859375,1.209765625,0,0
Field CA1,0,0,0,4.08753125,4.050828125,8.138359375,0,0
Supraoptic nucleus,0,0,0,0.017796875,0.0186875,0.036484375,0,0
"Posterolateral visual area, layer 6b",0,0,0,0.002765625,0.00296875,0.005734375,0,0
ventral tegmental decussation,0,0,0,0.014578125,0.016953125,0.03153125,0,0
"Anteromedial visual area, layer 4",0,0,0,0.019359375,0.0206875,0.040046875,0,0
Medial amygdalar nucleus,0,0,0,0.77428125,0.80403125,1.5783125,0,0
"Orbital area, lateral part, layer 2/3",0,0,0,0.221796875,0.19534375,0.417140625,0,0
vestibular nerve,0,0,0,0.070234375,0.06221875,0.132453125,0,0
"Lateral visual area, layer 1",0,0,0,0.068296875,0.069828125,0.138125,0,0
"Subparafascicular nucleus, parvicellular part",0,0,0,0.054125,0.056859375,0.110984375,0,0
Field CA2,0,0,0,0.20865625,0.1993125,0.40796875,0,0
Ectorhinal area/Layer 2/3,0,0,0,0.202140625,0.15671875,0.358859375,0,0
medial corticohypothalamic tract,0,0,0,0.003265625,0.00371875,0.006984375,0,0
"Spinal nucleus of the trigeminal, caudal part",0,0,0,0.711890625,0.778109375,1.49,0,0
"Retrosplenial area, ventral part, layer 2/3",0,0,0,0.40503125,0.41609375,0.821125,0,0
"Anteromedial visual area, layer 5",0,0,0,0.075015625,0.081484375,0.1565,0,0
"Retrosplenial area, dorsal part, layer 2/3",0,0,0,0.349828125,0.364484375,0.7143125,0,0
"Spinal nucleus of the trigeminal, interpolar part",0,0,0,0.67228125,0.657296875,1.329578125,0,0
"Orbital area, lateral part, layer 6a",0,0,0,0.179796875,0.168828125,0.348625,0,0
"Anteromedial visual area, layer 6b",0,0,0,0.00896875,0.009375,0.01834375,0,0
"Retrosplenial area, dorsal part, layer 1",0,0,0,0.299875,0.31715625,0.61703125,0,0
dorsal hippocampal commissure,0,0,0,0.352078125,0.370515625,0.72259375,0,0
"Spinal nucleus of the trigeminal, oral part",0,0,0,0.324984375,0.29075,0.615734375,0,0
"Orbital area, lateral part, layer 1",0,0,0,0.131828125,0.112359375,0.2441875,0,0
ventral hippocampal commissure,0,0,0,0.029515625,0.03234375,0.061859375,0,0
"Primary somatosensory area, upper limb, layer 1",0,0,0,0.202609375,0.195296875,0.39790625,0,0
"Basolateral amygdalar nucleus, ventral part",0,0,0,0.1659375,0.181359375,0.347296875,0,0
Median preoptic nucleus,0,0,0,0.01103125,0.021546875,0.032578125,0,0
"Posterior auditory area, layer 6b",0,0,0,0.00675,0.00665625,0.01340625,0,0
Midbrain trigeminal nucleus,0,0,0,0.005828125,0.005421875,0.01125,0,0
"Primary somatosensory area, trunk, layer 6b",0,0,0,0.013484375,0.013265625,0.02675,0,0
Field CA3,0,0,0,2.800015625,2.692484375,5.4925,0,0
alveus,0,0,0,0.581515625,0.560375,1.141890625,0,0
"posteromedial visual area, layer 6b",0,0,0,0.009359375,0.010671875,0.02003125,0,0
Subthalamic nucleus,0,0,0,0.075234375,0.07403125,0.149265625,0,0
Striatum,0,0,0,1.056,1.158109375,2.214109375,0,0
brachium of the inferior colliculus,0,0,0,0.089859375,0.090859375,0.18071875,0,0
Medial habenula,0,0,0,0.142578125,0.143734375,0.2863125,0,0
"Orbital area, medial part, layer 1",0,0,0,0.136921875,0.155375,0.292296875,0,0
"Orbital area, lateral part, layer 6b",0,0,0,0.017640625,0.01721875,0.034859375,0,0
"posteromedial visual area, layer 4",0,0,0,0.030734375,0.034125,0.064859375,0,0
Subiculum,0,0,0,0.717421875,0.725328125,1.44275,0,0
dorsal acoustic stria,0,0,0,0.004625,0.004671875,0.009296875,0,0
Main olfactory bulb,0,0,0,6.111015625,4.552296875,10.6633125,0,0
"Primary somatosensory area, lower limb, layer 6b",0,0,0,0.0203125,0.019359375,0.039671875,0,0
Cerebellum,0,0,0,0.3003125,0.286671875,0.586984375,0,0
Medial preoptic nucleus,0,0,0,0.151984375,0.158640625,0.310625,0,0
"Ventral auditory area, layer 6a",0,0,0,0.119859375,0.094015625,0.213875,0,0
Medial preoptic area,0,0,0,0.20153125,0.225,0.42653125,0,0
Supramammillary nucleus,0,0,0,0.0809375,0.087484375,0.168421875,0,0
"Entorhinal area, medial part, dorsal zone, layer 1",0,0,0,0.335671875,0.331046875,0.66671875,0,0
"Dorsal auditory area, layer 1",0,0,0,0.08625,0.07609375,0.16234375,0,0
dorsal fornix,0,0,0,0.01640625,0.01821875,0.034625,0,0
Medial pretectal area,0,0,0,0.01965625,0.020609375,0.040265625,0,0
dorsal limb,0,0,0,0.056046875,0.041921875,0.09796875,0,0
"Perirhinal area, layer 1",0,0,0,0.0948125,0.07475,0.1695625,0,0
"Retrosplenial area, ventral part, layer 1",0,0,0,0.349375,0.417765625,0.767140625,0,0
"Entorhinal area, medial part, dorsal zone, layer 2",0,0,0,0.34215625,0.334828125,0.676984375,0,0
"Central amygdalar nucleus, capsular part",0,0,0,0.12775,0.128515625,0.256265625,0,0
"Central amygdalar nucleus, lateral part",0,0,0,0.111140625,0.1089375,0.220078125,0,0
dorsal spinocerebellar tract,0,0,0,0.05271875,0.051359375,0.104078125,0,0
"Infralimbic area, layer 2/3",0,0,0,0.0565625,0.051828125,0.108390625,0,0
"Primary somatosensory area, nose, layer 1",0,0,0,0.181171875,0.184453125,0.365625,0,0
"Central amygdalar nucleus, medial part",0,0,0,0.304421875,0.320734375,0.62515625,0,0
Medial septal nucleus,0,0,0,0.147328125,0.19409375,0.341421875,0,0
"posteromedial visual area, layer 5",0,0,0,0.09159375,0.1005,0.19209375,0,0
Postpiriform transition area,0,0,0,0.56434375,0.6003125,1.16465625,0,0
"Lateral visual area, layer 4",0,0,0,0.06459375,0.065421875,0.130015625,0,0
Tegmental reticular nucleus,0,0,0,0.290296875,0.293578125,0.583875,0,0
Central lateral nucleus of the thalamus,0,0,0,0.1735,0.16925,0.34275,0,0
Accessory facial motor nucleus,0,0,0,0.002984375,0.002609375,0.00559375,0,0
"Primary somatosensory area, upper limb, layer 4",0,0,0,0.2205,0.21209375,0.43259375,0,0
external capsule,0,0,0,0.345265625,0.312875,0.658140625,0,0
Nucleus of the brachium of the inferior colliculus,0,0,0,0.0365625,0.0355625,0.072125,0,0
Triangular nucleus of septum,0,0,0,0.155109375,0.1748125,0.329921875,0,0
"Orbital area, medial part, layer 2/3",0,0,0,0.11421875,0.10928125,0.2235,0,0
Claustrum,0,0,0,0.213421875,0.218765625,0.4321875,0,0
"Anterior cingulate area, ventral part, layer 1",0,0,0,0.184609375,0.24234375,0.426953125,0,0
"Retrosplenial area, ventral part, layer 6a",0,0,0,0.24721875,0.258203125,0.505421875,0,0
Central linear nucleus raphe,0,0,0,0.040203125,0.0473125,0.087515625,0,0
"Primary visual area, layer 1",0,0,0,0.427953125,0.456234375,0.8841875,0,0
Diagonal band nucleus,0,0,0,0.247828125,0.297359375,0.5451875,0,0
"Taenia tecta, dorsal part",0,0,0,0.2788125,0.28571875,0.56453125,0,0
"Ventral auditory area, layer 6b",0,0,0,0.019609375,0.0149375,0.034546875,0,0
Central medial nucleus of the thalamus,0,0,0,0.0988125,0.11696875,0.21578125,0,0
"Dorsal auditory area, layer 2/3",0,0,0,0.137984375,0.12196875,0.259953125,0,0
"Anterolateral visual area, layer 6a",0,0,0,0.0435,0.044828125,0.088328125,0,0
fimbria,0,0,0,0.761390625,0.67640625,1.437796875,0,0
Nucleus incertus,0,0,0,0.084375,0.094359375,0.178734375,0,0
"Taenia tecta, ventral part",0,0,0,0.263171875,0.25690625,0.520078125,0,0
"Orbital area, ventrolateral part, layer 6a",0,0,0,0.0926875,0.080875,0.1735625,0,0
"Retrosplenial area, dorsal part, layer 5",0,0,0,0.42459375,0.4465625,0.87115625,0,0
habenular commissure,0,0,0,0.019234375,0.02096875,0.040203125,0,0
Nucleus of the lateral lemniscus,0,0,0,0.285015625,0.28178125,0.566796875,0,0
"Lateral visual area, layer 5",0,0,0,0.11203125,0.110375,0.22240625,0,0
Tuberal nucleus,0,0,0,0.195296875,0.187171875,0.38246875,0,0
Cuneiform nucleus,0,0,0,0.274359375,0.255296875,0.52965625,0,0
"Orbital area, medial part, layer 5",0,0,0,0.177421875,0.1621875,0.339609375,0,0
Motor nucleus of trigeminal,0,0,0,0.15178125,0.137515625,0.289296875,0,0
"Retrosplenial area, ventral part, layer 6b",0,0,0,0.018328125,0.01953125,0.037859375,0,0
Nucleus of the optic tract,0,0,0,0.08825,0.096484375,0.184734375,0,0
Ventral anterior-lateral complex of the thalamus,0,0,0,0.38934375,0.376046875,0.765390625,0,0
"Orbital area, lateral part, layer 5",0,0,0,0.436,0.4019375,0.8379375,0,0
"Dentate gyrus, granule cell layer",0,0,0,0.67796875,0.680703125,1.358671875,0,0
inferior colliculus commissure,0,0,0,0.00946875,0.00925,0.01871875,0,0
Nucleus of the posterior commissure,0,0,0,0.12596875,0.13525,0.26121875,0,0
"Gustatory areas, layer 6a",0,0,0,0.18184375,0.17384375,0.3556875,0,0
"Cortical amygdalar area, anterior part",0,0,0,0.30040625,0.330890625,0.631296875,0,0
Nucleus of the trapezoid body,0,0,0,0.07415625,0.07328125,0.1474375,0,0
"Posterior auditory area, layer 2/3",0,0,0,0.060578125,0.056796875,0.117375,0,0
"Anterolateral visual area, layer 6b",0,0,0,0.008578125,0.00890625,0.017484375,0,0
Nucleus of the solitary tract,0,0,0,0.4399375,0.449890625,0.889828125,0,0
Abducens nucleus,0,0,0,0.025890625,0.024015625,0.04990625,0,0
"Primary somatosensory area, nose, layer 4",0,0,0,0.237359375,0.233609375,0.47096875,0,0
"Cortical amygdalar area, posterior part, lateral zone",0,0,0,0.484265625,0.556734375,1.041,0,0
"Secondary motor area, layer 1",0,0,0,1.03625,1.006984375,2.043234375,0,0
"Primary somatosensory area, mouth, layer 2/3",0,0,0,0.66015625,0.738703125,1.398859375,0,0
Facial motor nucleus,0,0,0,0.40275,0.366453125,0.769203125,0,0
"Gustatory areas, layer 6b",0,0,0,0.016015625,0.016171875,0.0321875,0,0
"Cortical amygdalar area, posterior part, medial zone",0,0,0,0.478609375,0.54134375,1.019953125,0,0
"Entorhinal area, medial part, dorsal zone, layer 3",0,0,0,0.27190625,0.262984375,0.534890625,0,0
"lateral olfactory tract, body",0,0,0,0.322375,0.315203125,0.637578125,0,0
"Frontal pole, layer 2/3",0,0,0,0.081125,0.068640625,0.149765625,0,0
"Primary somatosensory area, trunk, layer 2/3",0,0,0,0.143546875,0.144328125,0.287875,0,0
"Retrosplenial area, lateral agranular part, layer 1",0,0,0,0.169578125,0.1814375,0.351015625,0,0
Caudoputamen,0,0,0,11.407,10.97201563,22.37901563,0,0
mammillary peduncle,0,0,0,0.011484375,0.011578125,0.0230625,0,0
"Agranular insular area, ventral part, layer 6a",0,0,0,0.0593125,0.06865625,0.12796875,0,0
"Dorsal auditory area, layer 4",0,0,0,0.055421875,0.04775,0.103171875,0,0
"Orbital area, ventrolateral part, layer 6b",0,0,0,0.004,0.003921875,0.007921875,0,0
mammillotegmental tract,0,0,0,0.033078125,0.033359375,0.0664375,0,0
"Retrosplenial area, ventral part, layer 5",0,0,0,0.648578125,0.676265625,1.32484375,0,0
Ventrolateral preoptic nucleus,0,0,0,0.0238125,0.026453125,0.050265625,0,0
"Perirhinal area, layer 5",0,0,0,0.0663125,0.05471875,0.12103125,0,0
Ventromedial hypothalamic nucleus,0,0,0,0.19765625,0.195875,0.39353125,0,0
"Agranular insular area, ventral part, layer 2/3",0,0,0,0.2056875,0.23840625,0.44409375,0,0
"Posterior auditory area, layer 1",0,0,0,0.047453125,0.045578125,0.09303125,0,0
medial lemniscus,0,0,0,0.285796875,0.290234375,0.57603125,0,0
Olfactory areas,0,0,0,1.79353125,1.66609375,3.459625,0,0
"Agranular insular area, ventral part, layer 6b",0,0,0,0.00121875,0.001234375,0.002453125,0,0
"Primary somatosensory area, nose, layer 5",0,0,0,0.247140625,0.2358125,0.482953125,0,0
Cortical subplate,0,0,0,0.145734375,0.15390625,0.299640625,0,0
"Agranular insular area, ventral part, layer 1",0,0,0,0.087546875,0.098921875,0.18646875,0,0
Olivary pretectal nucleus,0,0,0,0.02540625,0.027,0.05240625,0,0
"Infralimbic area, layer 1",0,0,0,0.0496875,0.068859375,0.118546875,0,0
Cuneate nucleus,0,0,0,0.157796875,0.166140625,0.3239375,0,0
Ventral posterolateral nucleus of the thalamus,0,0,0,0.449296875,0.39684375,0.846140625,0,0
"Primary visual area, layer 4",0,0,0,0.34846875,0.364484375,0.712953125,0,0
"Ventral posterolateral nucleus of the thalamus, parvicellular part",0,0,0,0.040328125,0.04,0.080328125,0,0
"Entorhinal area, medial part, dorsal zone, layer 5",0,0,0,0.254859375,0.247234375,0.50209375,0,0
arbor vitae,0,0,0,2.22665625,2.18421875,4.410875,0,0
"Temporal association areas, layer 6a",0,0,0,0.211921875,0.17034375,0.382265625,0,0
"Medial mammillary nucleus, median part",0,0,0,0.023609375,0.026484375,0.05009375,0,0
Ventral posteromedial nucleus of the thalamus,0,0,0,0.832328125,0.75090625,1.583234375,0,0
"Primary auditory area, layer 1",0,0,0,0.1663125,0.151515625,0.317828125,0,0
"Ventral posteromedial nucleus of the thalamus, parvicellular part",0,0,0,0.081875,0.08321875,0.16509375,0,0
"Entorhinal area, medial part, dorsal zone, layer 6",0,0,0,0.178546875,0.17078125,0.349328125,0,0
cerebellar commissure,0,0,0,0.02940625,0.03184375,0.06125,0,0
Ventral tegmental area,0,0,0,0.1546875,0.160828125,0.315515625,0,0
"Posterolateral visual area, layer 1",0,0,0,0.06021875,0.061234375,0.121453125,0,0
principal mammillary tract,0,0,0,0.011171875,0.0105625,0.021734375,0,0
Olfactory tubercle,0,0,0,1.302171875,1.566390625,2.8685625,0,0
"Ventral auditory area, layer 2/3",0,0,0,0.16359375,0.1378125,0.30140625,0,0
Ventral tegmental nucleus,0,0,0,0.028234375,0.0265625,0.054796875,0,0
"Posterior auditory area, layer 4",0,0,0,0.030125,0.02703125,0.05715625,0,0
Vascular organ of the lamina terminalis,0,0,0,0.0023125,0.0039375,0.00625,0,0
Nucleus x,0,0,0,0.02053125,0.019328125,0.039859375,0,0
"Anterior cingulate area, ventral part, layer 5",0,0,0,0.443265625,0.4575625,0.900828125,0,0
"Primary visual area, layer 5",0,0,0,0.528265625,0.5510625,1.079328125,0,0
Posterior amygdalar nucleus,0,0,0,0.35665625,0.405140625,0.761796875,0,0
Nucleus y,0,0,0,0.007765625,0.0074375,0.015203125,0,0
"Agranular insular area, dorsal part, layer 6a",0,0,0,0.28740625,0.310296875,0.597703125,0,0
corticospinal tract,0,0,0,0.033203125,0.032859375,0.0660625,0,0
"Temporal association areas, layer 6b",0,0,0,0.0344375,0.0283125,0.06275,0,0
Piriform-amygdalar area,0,0,0,0.439765625,0.531796875,0.9715625,0,0
"Posterior auditory area, layer 5",0,0,0,0.072578125,0.06696875,0.139546875,0,0
spinal tract of the trigeminal nerve,0,0,0,0.501140625,0.476359375,0.9775,0,0
facial nerve,0,0,0,0.044796875,0.040375,0.085171875,0,0
"Agranular insular area, ventral part, layer 5",0,0,0,0.24884375,0.288,0.53684375,0,0
stria medullaris,0,0,0,0.121671875,0.129609375,0.25128125,0,0
Pallidum,0,0,0,0.459546875,0.492234375,0.95178125,0,0
Fields of Forel,0,0,0,0.089984375,0.09353125,0.183515625,0,0
"posteromedial visual area, layer 1",0,0,0,0.0571875,0.06565625,0.12284375,0,0
"Supplemental somatosensory area, layer 2/3",0,0,0,0.939953125,0.75378125,1.693734375,0,0
"Anterior cingulate area, ventral part, 6a",0,0,0,0.163734375,0.1603125,0.324046875,0,0
"Inferior colliculus, central nucleus",0,0,0,0.527046875,0.493359375,1.02040625,0,0
superior cerebellar peduncle decussation,0,0,0,0.023046875,0.03353125,0.056578125,0,0
Dorsal peduncular area,0,0,0,0.197953125,0.20134375,0.399296875,0,0
"Primary auditory area, layer 4",0,0,0,0.099765625,0.08559375,0.185359375,0,0
"Anterior cingulate area, ventral part, 6b",0,0,0,0.027546875,0.02775,0.055296875,0,0
"Inferior colliculus, dorsal nucleus",0,0,0,0.637390625,0.59434375,1.231734375,0,0
"Primary visual area, layer 2/3",0,0,0,0.677703125,0.71165625,1.389359375,0,0
"Infralimbic area, layer 5",0,0,0,0.134171875,0.128234375,0.26240625,0,0
"Inferior colliculus, external nucleus",0,0,0,0.83134375,0.798453125,1.629796875,0,0
Dorsomedial nucleus of the hypothalamus,0,0,0,0.128671875,0.12621875,0.254890625,0,0
"Agranular insular area, dorsal part, layer 6b",0,0,0,0.017921875,0.020421875,0.03834375,0,0
oculomotor nerve,0,0,0,0.003046875,0.0029375,0.005984375,0,0
"Superior colliculus, zonal layer",0,0,0,0.156,0.173515625,0.329515625,0,0
Ectorhinal area/Layer 1,0,0,0,0.11003125,0.089953125,0.199984375,0,0
"Primary somatosensory area, nose, layer 2/3",0,0,0,0.280765625,0.28146875,0.562234375,0,0
trapezoid body,0,0,0,0.13959375,0.147890625,0.287484375,0,0
"Superior colliculus, superficial gray layer",0,0,0,0.50375,0.52103125,1.02478125,0,0
Parasubiculum,0,0,0,0.291953125,0.282421875,0.574375,0,0
Dentate nucleus,0,0,0,0.09478125,0.087828125,0.182609375,0,0
"Primary auditory area, layer 5",0,0,0,0.300109375,0.252140625,0.55225,0,0
optic nerve,0,0,0,0.02425,0.026171875,0.050421875,0,0
"Visceral area, layer 6b",0,0,0,0.024671875,0.016296875,0.04096875,0,0
uncinate fascicle,0,0,0,0.037203125,0.0348125,0.072015625,0,0
"Superior colliculus, optic layer",0,0,0,0.2850625,0.297,0.5820625,0,0
Parvicellular reticular nucleus,0,0,0,0.96971875,0.9115625,1.88128125,0,0
"Primary somatosensory area, upper limb, layer 2/3",0,0,0,0.417109375,0.405671875,0.82278125,0,0
"Visceral area, layer 6a",0,0,0,0.25996875,0.174375,0.43434375,0,0
Parasolitary nucleus,0,0,0,0.014109375,0.014640625,0.02875,0,0
"Supplemental somatosensory area, layer 6a",0,0,0,0.9560625,0.750703125,1.706765625,0,0
ventral spinocerebellar tract,0,0,0,0.114046875,0.108234375,0.22228125,0,0
"Posterolateral visual area, layer 4",0,0,0,0.01115625,0.0123125,0.02346875,0,0
Dorsal nucleus raphe,0,0,0,0.08225,0.12678125,0.20903125,0,0
"Supplemental somatosensory area, layer 1",0,0,0,0.550578125,0.44221875,0.992796875,0,0
Parabigeminal nucleus,0,0,0,0.01740625,0.01721875,0.034625,0,0
"Primary somatosensory area, mouth, layer 1",0,0,0,0.35571875,0.40246875,0.7581875,0,0
Dorsal tegmental nucleus,0,0,0,0.075359375,0.073609375,0.14896875,0,0
"Primary motor area, Layer 6b",0,0,0,0.07765625,0.081078125,0.158734375,0,0
amygdalar capsule,0,0,0,0.06896875,0.061953125,0.130921875,0,0
"Perirhinal area, layer 2/3",0,0,0,0.1385,0.110875,0.249375,0,0
"Primary somatosensory area, nose, layer 6a",0,0,0,0.36146875,0.32971875,0.6911875,0,0
"Supplemental somatosensory area, layer 6b",0,0,0,0.097046875,0.075640625,0.1726875,0,0
"Visceral area, layer 1",0,0,0,0.1511875,0.10028125,0.25146875,0,0
"anterior commissure, olfactory limb",0,0,0,0.288296875,0.2859375,0.574234375,0,0
"Posterolateral visual area, layer 5",0,0,0,0.07715625,0.075125,0.15228125,0,0
External cuneate nucleus,0,0,0,0.084671875,0.08946875,0.174140625,0,0
"Anterolateral visual area, layer 2/3",0,0,0,0.080625,0.08096875,0.16159375,0,0
Paracentral nucleus,0,0,0,0.106140625,0.104578125,0.21071875,0,0
"anterior commissure, temporal limb",0,0,0,0.07821875,0.098375,0.17659375,0,0
"Orbital area, medial part, layer 6a",0,0,0,0.07303125,0.066078125,0.139109375,0,0
trochlear nerve,0,0,0,0.00409375,0.003859375,0.007953125,0,0
Lingula (I),0,0,0,0.062765625,0.069328125,0.13209375,0,0
Posterodorsal preoptic nucleus,0,0,0,0.00465625,0.004953125,0.009609375,0,0
brachium of the superior colliculus,0,0,0,0.088796875,0.092109375,0.18090625,0,0
"Anterior cingulate area, dorsal part, layer 6a",0,0,0,0.3094375,0.308296875,0.617734375,0,0
cerebal peduncle,0,0,0,0.330859375,0.3435,0.674359375,0,0
"Anterior cingulate area, dorsal part, layer 6b",0,0,0,0.01025,0.01071875,0.02096875,0,0
"Primary somatosensory area, nose, layer 6b",0,0,0,0.0249375,0.022015625,0.046953125,0,0
Pontine gray,0,0,0,0.354703125,0.35625,0.710953125,0,0
"Anterior cingulate area, dorsal part, layer 1",0,0,0,0.235859375,0.3023125,0.538171875,0,0
Declive (VI),0,0,0,1.0218125,0.996796875,2.018609375,0,0
"Nucleus ambiguus, dorsal division",0,0,0,0.009171875,0.008265625,0.0174375,0,0
cingulum bundle,0,0,0,0.50721875,0.512078125,1.019296875,0,0
Folium-tuber vermis (VII),0,0,0,0.335484375,0.3344375,0.669921875,0,0
"Primary somatosensory area, upper limb, layer 6a",0,0,0,0.398515625,0.3761875,0.774703125,0,0
vomeronasal nerve,0,0,0,0.004609375,0.00434375,0.008953125,0,0
"Primary somatosensory area, mouth, layer 4",0,0,0,0.411859375,0.4476875,0.859546875,0,0
Pyramus (VIII),0,0,0,0.430125,0.433546875,0.863671875,0,0
"Endopiriform nucleus, dorsal part",0,0,0,0.719546875,0.695390625,1.4149375,0,0
"Primary auditory area, layer 6a",0,0,0,0.123515625,0.104234375,0.22775,0,0
"corpus callosum, anterior forceps",0,0,0,0.35809375,0.353984375,0.712078125,0,0
Uvula (IX),0,0,0,0.90240625,0.93478125,1.8371875,0,0
"Ventral auditory area, layer 1",0,0,0,0.13184375,0.106453125,0.238296875,0,0
Piriform area,0,0,0,4.50559375,4.4994375,9.00503125,0,0
"Secondary motor area, layer 2/3",0,0,0,1.666203125,1.627234375,3.2934375,0,0
"Lateral reticular nucleus, parvicellular part",0,0,0,0.022046875,0.0204375,0.042484375,0,0
"corpus callosum, extreme capsule",0,0,0,0.040625,0.033546875,0.074171875,0,0
"Retrosplenial area, lateral agranular part, layer 2/3",0,0,0,0.2204375,0.234625,0.4550625,0,0
"Endopiriform nucleus, ventral part",0,0,0,0.382640625,0.39984375,0.782484375,0,0
Nodulus (X),0,0,0,0.696640625,0.722078125,1.41871875,0,0
"Orbital area, ventrolateral part, layer 1",0,0,0,0.14096875,0.12009375,0.2610625,0,0
"Paragigantocellular reticular nucleus, dorsal part",0,0,0,0.19171875,0.184328125,0.376046875,0,0
"corpus callosum, posterior forceps",0,0,0,0.509875,0.519796875,1.029671875,0,0
"Lateral visual area, layer 2/3",0,0,0,0.11040625,0.110921875,0.221328125,0,0
"Primary somatosensory area, mouth, layer 5",0,0,0,0.52303125,0.55515625,1.0781875,0,0
Lobule II,0,0,0,0.665875,0.669953125,1.335828125,0,0
Ectorhinal area/Layer 6a,0,0,0,0.163265625,0.12975,0.293015625,0,0
Dorsal premammillary nucleus,0,0,0,0.041375,0.04121875,0.08259375,0,0
"Primary somatosensory area, barrel field, layer 1",0,0,0,0.3484375,0.346421875,0.694859375,0,0
Fasciola cinerea,0,0,0,0.026046875,0.02575,0.051796875,0,0
Lobule III,0,0,0,1.042078125,1.03065625,2.072734375,0,0
"corpus callosum, splenium",0,0,0,0.29996875,0.302328125,0.602296875,0,0
Ectorhinal area/Layer 5,0,0,0,0.22003125,0.17215625,0.3921875,0,0
Fastigial nucleus,0,0,0,0.19825,0.192078125,0.390328125,0,0
"Ventral auditory area, layer 4",0,0,0,0.0946875,0.073640625,0.168328125,0,0
"Agranular insular area, dorsal part, layer 1",0,0,0,0.16475,0.181875,0.346625,0,0
root,0,0,0,1.37528125,1.451703125,2.826984375,0,0
Fundus of striatum,0,0,0,0.153078125,0.197109375,0.3501875,0,0
Ventral premammillary nucleus,0,0,0,0.065,0.06425,0.12925,0,0
"Primary auditory area, layer 6b",0,0,0,0.022265625,0.019109375,0.041375,0,0
"Primary somatosensory area, trunk, layer 1",0,0,0,0.0660625,0.06921875,0.13528125,0,0
Simple lobule,0,0,0,1.8,1.77678125,3.57678125,0,0
fiber tracts,0,0,0,0.679109375,0.64765625,1.326765625,0,0
"Visceral area, layer 4",0,0,0,0.0845,0.05575,0.14025,0,0
olfactory nerve layer of main olfactory bulb,0,0,0,1.5205,1.222828125,2.743328125,0,0
Posterior complex of the thalamus,0,0,0,0.61503125,0.579703125,1.194734375,0,0
"Globus pallidus, external segment",0,0,0,0.727265625,0.688625,1.415890625,0,0
"Ventral auditory area, layer 5",0,0,0,0.2568125,0.20403125,0.46084375,0,0
Paramedian lobule,0,0,0,1.383703125,1.44953125,2.833234375,0,0
"Primary somatosensory area, upper limb, layer 6b",0,0,0,0.03115625,0.0298125,0.06096875,0,0
Posterior limiting nucleus of the thalamus,0,0,0,0.0920625,0.096640625,0.188703125,0,0
"Primary somatosensory area, lower limb, layer 1",0,0,0,0.10915625,0.104015625,0.213171875,0,0
"Globus pallidus, internal segment",0,0,0,0.185796875,0.182078125,0.367875,0,0
Copula pyramidis,0,0,0,0.809546875,0.832578125,1.642125,0,0
"Supplemental somatosensory area, layer 4",0,0,0,0.51196875,0.407375,0.91934375,0,0
Postsubiculum,0,0,0,0.392453125,0.40125,0.793703125,0,0
"Primary somatosensory area, barrel field, layer 6a",0,0,0,0.5528125,0.52740625,1.08021875,0,0
Gracile nucleus,0,0,0,0.03903125,0.03946875,0.0785,0,0
Paraflocculus,0,0,0,1.252328125,1.2516875,2.504015625,0,0
Peripeduncular nucleus,0,0,0,0.0263125,0.026125,0.0524375,0,0
Ectorhinal area/Layer 6b,0,0,0,0.023875,0.017890625,0.041765625,0,0
"Anteromedial visual area, layer 6a",0,0,0,0.048109375,0.050375,0.098484375,0,0
"Primary somatosensory area, barrel field, layer 4",0,0,0,0.5236875,0.516046875,1.039734375,0,0
Flocculus,0,0,0,0.311265625,0.288109375,0.599375,0,0
direct tectospinal pathway,0,0,0,4.69E-05,0,4.69E-05,0,
"Infralimbic area, layer 6a",0,0,0,0.0838125,0.079875,0.1636875,0,0
Crus 1,0,0,0,1.619890625,1.669984375,3.289875,0,0
"Visceral area, layer 5",0,0,0,0.332203125,0.217078125,0.54928125,0,0
doral tegmental decussation,0,0,0,0.00371875,0.003625,0.00734375,0,0
Posterior pretectal nucleus,0,0,0,0.06328125,0.068953125,0.132234375,0,0
"Primary somatosensory area, barrel field, layer 6b",0,0,0,0.064,0.060671875,0.124671875,0,0
Crus 2,0,0,0,1.39753125,1.525765625,2.923296875,0,0
"Anteromedial visual area, layer 2/3",0,0,0,0.065765625,0.07175,0.137515625,0,0
Parapyramidal nucleus,0,0,0,0.0569375,0.05328125,0.11021875,0,0
"Primary somatosensory area, barrel field, layer 5",0,0,0,0.498546875,0.48378125,0.982328125,0,0
"Medial geniculate complex, dorsal part",0,0,0,0.074203125,0.072515625,0.14671875,0,0
"Anterolateral visual area, layer 1",0,0,0,0.048015625,0.04859375,0.096609375,0,0
"Medial geniculate complex, ventral part",0,0,0,0.120796875,0.1215,0.242296875,0,0
"Infralimbic area, layer 6b",0,0,0,0.005171875,0.0039375,0.009109375,0,0
Presubiculum,0,0,0,0.3146875,0.3055625,0.62025,0,0
"Secondary motor area, layer 6b",0,0,0,0.033046875,0.032703125,0.06575,0,0
"Primary somatosensory area, trunk, layer 4",0,0,0,0.053734375,0.053,0.106734375,0,0
"Medial geniculate complex, medial part",0,0,0,0.1108125,0.1134375,0.22425,0,0
Hippocampal formation,0,0,0,0.14090625,0.140078125,0.280984375,0,0
"Supplemental somatosensory area, layer 5",0,0,0,0.9716875,0.76490625,1.73659375,0,0
Lobules IV-V,0,0,0,2.2400625,2.2044375,4.4445,0,0
external medullary lamina of the thalamus,0,0,0,0.058921875,0.049265625,0.1081875,0,0
"Anteromedial nucleus, dorsal part",0,0,0,0.11075,0.117734375,0.228484375,0,0
"Agranular insular area, dorsal part, layer 5",0,0,0,0.532046875,0.598296875,1.13034375,0,0
"Primary somatosensory area, mouth, layer 6a",0,0,0,0.7205625,0.726609375,1.447171875,0,0
"Anteromedial nucleus, ventral part",0,0,0,0.07403125,0.07946875,0.1535,0,0
Intercalated amygdalar nucleus,0,0,0,0.071203125,0.0768125,0.148015625,0,0
"Visceral area, layer 2/3",0,0,0,0.249796875,0.158828125,0.408625,0,0
genu of corpus callosum,0,0,0,0.368015625,0.38409375,0.752109375,0,0
Parastrial nucleus,0,0,0,0.033890625,0.04115625,0.075046875,0,0
Interanterodorsal nucleus of the thalamus,0,0,0,0.05284375,0.05465625,0.1075,0,0
"Anterolateral visual area, layer 4",0,0,0,0.041671875,0.04171875,0.083390625,0,0
Interanteromedial nucleus of the thalamus,0,0,0,0.018234375,0.020921875,0.03915625,0,0
"Entorhinal area, lateral part, layer 1",0,0,0,0.344984375,0.323828125,0.6688125,0,0
inferior cerebellar peduncle,0,0,0,0.20953125,0.1935,0.40303125,0,0
"Orbital area, ventrolateral part, layer 5",0,0,0,0.232484375,0.202375,0.434859375,0,0
"Tuberomammillary nucleus, dorsal part",0,0,0,0.010984375,0.01096875,0.021953125,0,0
"Temporal association areas, layer 2/3",0,0,0,0.285484375,0.242515625,0.528,0,0
"Nucleus of the lateral olfactory tract, layer 3",0,0,0,0.022140625,0.024359375,0.0465,0,0
Median eminence,0,0,0,0.0255,0.0315625,0.0570625,0,0
"Dentate gyrus, molecular layer",0,0,0,1.78959375,1.79596875,3.5855625,0,0
"Dentate gyrus, polymorph layer",0,0,0,0.283453125,0.2844375,0.567890625,0,0
"Primary somatosensory area, unassigned, layer 1",0,0,0,0.068859375,0.06959375,0.138453125,0,0
"Primary somatosensory area, unassigned, layer 2/3",0,0,0,0.135890625,0.13484375,0.270734375,0,0
"Primary somatosensory area, unassigned, layer 4",0,0,0,0.0766875,0.075234375,0.151921875,0,0
"Primary somatosensory area, unassigned, layer 5",0,0,0,0.10521875,0.1029375,0.20815625,0,0
"Primary somatosensory area, unassigned, layer 6a",0,0,0,0.12471875,0.117171875,0.241890625,0,0
"Primary somatosensory area, unassigned, layer 6b",0,0,0,0.010625,0.009859375,0.020484375,0,0
"Anterior area, layer 1",0,0,0,0.080140625,0.082875,0.163015625,0,0
"Anterior area, layer 2/3",0,0,0,0.143796875,0.15009375,0.293890625,0,0
"Anterior area, layer 4",0,0,0,0.054078125,0.055375,0.109453125,0,0
"Anterior area, layer 5",0,0,0,0.125640625,0.129375,0.255015625,0,0
"Anterior area, layer 6a",0,0,0,0.083140625,0.0841875,0.167328125,0,0
"Anterior area, layer 6b",0,0,0,0.01478125,0.015390625,0.030171875,0,0
"Laterointermediate area, layer 1",0,0,0,0.027921875,0.02721875,0.055140625,0,0
"Laterointermediate area, layer 2/3",0,0,0,0.043015625,0.04228125,0.085296875,0,0
"Laterointermediate area, layer 4",0,0,0,0.0206875,0.020671875,0.041359375,0,0
"Laterointermediate area, layer 5",0,0,0,0.0531875,0.049859375,0.103046875,0,0
"Laterointermediate area, layer 6a",0,0,0,0.027875,0.026265625,0.054140625,0,0
"Laterointermediate area, layer 6b",0,0,0,0.00615625,0.00575,0.01190625,0,0
"Rostrolateral area, layer 1",0,0,0,0.066296875,0.068828125,0.135125,0,0
"Rostrolateral area, layer 2/3",0,0,0,0.107,0.112,0.219,0,0
"Rostrolateral area, layer 4",0,0,0,0.057078125,0.05971875,0.116796875,0,0
"Rostrolateral area, layer 5",0,0,0,0.09540625,0.099515625,0.194921875,0,0
"Rostrolateral area, layer 6a",0,0,0,0.05971875,0.062515625,0.122234375,0,0
"Rostrolateral area, layer 6b",0,0,0,0.010859375,0.012140625,0.023,0,0
"Postrhinal area, layer 1",0,0,0,0.08128125,0.079390625,0.160671875,0,0
"Postrhinal area, layer 2/3",0,0,0,0.119171875,0.1145625,0.233734375,0,0
"Postrhinal area, layer 4",0,0,0,0.02025,0.019234375,0.039484375,0,0
"Postrhinal area, layer 5",0,0,0,0.121265625,0.11275,0.234015625,0,0
"Postrhinal area, layer 6a",0,0,0,0.056421875,0.0520625,0.108484375,0,0
"Postrhinal area, layer 6b",0,0,0,0.0103125,0.009359375,0.019671875,0,0
Prosubiculum,0,0,0,0.445203125,0.446890625,0.89209375,0,0
Area prostriata,0,0,0,0.111453125,0.10778125,0.219234375,0,0
supra-callosal cerebral white matter,0,0,0,0.4654375,0.42809375,0.89353125,0,0
"corpus callosum, body",0,0,0,1.339515625,1.284796875,2.6243125,0,0
optic radiation,0,0,0,0.810953125,0.7158125,1.526765625,0,0
auditory radiation,0,0,0,0.195328125,0.162578125,0.35790625,0,0
commissural branch of stria terminalis,0,0,0,0.014234375,0.014546875,0.02878125,0,0
"Dorsal part of the lateral geniculate complex, shell",0,0,0,0.102671875,0.099,0.201671875,0,0
"Dorsal part of the lateral geniculate complex, core",0,0,0,0.224078125,0.19984375,0.423921875,0,0
"Dorsal part of the lateral geniculate complex, ipsilateral zone",0,0,0,0.04934375,0.046484375,0.095828125,0,0
"Frontal pole, layer 5",0,0,0,0.1323125,0.11490625,0.24721875,0,0
"Frontal pole, layer 6a",0,0,0,0.042828125,0.038109375,0.0809375,0,0
"Frontal pole, layer 6b",0,0,0,0.000453125,0.000390625,0.00084375,0,0
"Orbital area, medial part, layer 6b",0,0,0,0.0015,0.001390625,0.002890625,0,0
Retroparafascicular nucleus,0,0,0,0.026140625,0.02803125,0.054171875,0,0
Accessory trigeminal nucleus,0,0,0,0.0075625,0.00665625,0.01421875,0,0
Parvicellular motor 5 nucleus,0,0,0,0.027375,0.0258125,0.0531875,0,0
Intertrigeminal nucleus,0,0,0,0.016140625,0.014515625,0.03065625,0,0
Ethmoid nucleus of the thalamus,0,0,0,0.109546875,0.109109375,0.21865625,0,0
Xiphoid thalamic nucleus,0,0,0,0.02665625,0.0445,0.07115625,0,0
Posterior intralaminar thalamic nucleus,0,0,0,0.074125,0.077234375,0.151359375,0,0
Posterior triangular thalamic nucleus,0,0,0,0.122140625,0.128203125,0.25034375,0,0
Intermediate geniculate nucleus,0,0,0,0.010671875,0.01040625,0.021078125,0,0
Ventromedial preoptic nucleus,0,0,0,0.018203125,0.01946875,0.037671875,0,0
Hippocampo-amygdalar transition area,0,0,0,0.1475,0.15809375,0.30559375,0,0
Paratrigeminal nucleus,0,0,0,0.03675,0.038640625,0.075390625,0,0
Vestibulocerebellar nucleus,0,0,0,0.037578125,0.03659375,0.074171875,0,0
Subcommissural organ,0,0,0,0.00515625,0.007203125,0.012359375,0,0
Posterodorsal tegmental nucleus,0,0,0,0.038234375,0.03646875,0.074703125,0,0
"Medial mammillary nucleus, lateral part",0,0,0,0.0700625,0.070109375,0.140171875,0,0
"Medial mammillary nucleus, medial part",0,0,0,0.042984375,0.045421875,0.08840625,0,0
"Medial mammillary nucleus, posterior part",0,0,0,0.011,0.013453125,0.024453125,0,0
"Medial mammillary nucleus, dorsal part",0,0,0,0.0244375,0.026015625,0.050453125,0,0
Paratrochlear nucleus,0,0,0,0.0106875,0.00996875,0.02065625,0,0
Paranigral nucleus,0,0,0,0.008515625,0.00834375,0.016859375,0,0
"Interpeduncular nucleus, rostral",0,0,0,0.0265625,0.032171875,0.058734375,0,0
"Interpeduncular nucleus, caudal",0,0,0,0.021875,0.02884375,0.05071875,0,0
"Interpeduncular nucleus, apical",0,0,0,0.00853125,0.012328125,0.020859375,0,0
"Interpeduncular nucleus, lateral",0,0,0,0.022703125,0.022953125,0.04565625,0,0
"Interpeduncular nucleus, intermediate",0,0,0,0.011203125,0.0120625,0.023265625,0,0
"Interpeduncular nucleus, dorsomedial",0,0,0,0.0073125,0.00815625,0.01546875,0,0
"Interpeduncular nucleus, dorsolateral",0,0,0,0.014734375,0.01475,0.029484375,0,0
"Interpeduncular nucleus, rostrolateral",0,0,0,0.00671875,0.0066875,0.01340625,0,0
Supraoculomotor periaqueductal gray,0,0,0,0.02446875,0.02509375,0.0495625,0,0
